<KicadtoNgspice><source><v2 name="Source type">12</v2><v1 name="Source type">12</v1><v3 name="Source type">8</v3><v4 name="Source type">dc<field1 name="Value">5</field1></v4><v3 name="Source type">9</v3><v3 name="Source type">10</v3><v3 name="Source type">7</v3><v4 name="Source type">sine<field1 name="Offset Value">0</field1><field2 name="Amplitude">5</field2><field3 name="Frequency">0.5</field3><field4 name="Delay Time">0</field4><field5 name="Damping Factor">0</field5></v4></source><model><u2 name="type">priorityencoder<field1 name="Enter Rise Delay (default=1.0e-9)" /><field2 name="Enter Fall Delay (default=1.0e-9)" /><field3 name="Enter Input Load (default=1.0e-12)" /><field4 name="Enter Instance ID (Between 0-99)" /></u2><u3 name="type">adc_bridge<field5 name="Enter value for in_low (default=1.0)" /><field6 name="Enter value for in_high (default=2.0)" /><field7 name="Enter Rise Delay (default=1.0e-9)" /><field8 name="Enter Fall Delay (default=1.0e-9)" /></u3><u4 name="type">dac_bridge<field9 name="Enter value for out_low (default=0.0)" /><field10 name="Enter value for out_high (default=5.0)" /><field11 name="Enter value for out_undef (default=0.5)" /><field12 name="Enter value for input load (default=1.0e-12)" /><field13 name="Enter the Rise Time (default=1.0e-9)" /><field14 name="Enter the Fall Time (default=1.0e-9)" /></u4></model><devicemodel /><subcircuit><x1><field>C:\FOSSEE\eSim\library\SubcircuitLibrary\lm_741</field></x1><x2><field>C:\FOSSEE\eSim\library\SubcircuitLibrary\lm_741</field></x2><x3><field>C:\FOSSEE\eSim\library\SubcircuitLibrary\lm_741</field></x3><x4><field>C:\FOSSEE\eSim\library\SubcircuitLibrary\lm_741</field></x4><x5><field>C:\FOSSEE\eSim\library\SubcircuitLibrary\lm_741</field></x5><x6><field>C:\FOSSEE\eSim\library\SubcircuitLibrary\lm_741</field></x6><x7><field>C:\FOSSEE\eSim\library\SubcircuitLibrary\lm_741</field></x7></subcircuit><analysis><ac><field1 name="Lin">true</field1><field2 name="Dec">false</field2><field3 name="Oct">false</field3><field4 name="Start Frequency" /><field5 name="Stop Frequency" /><field6 name="No. of points" /><field7 name="Start Fre Combo">Hz</field7><field8 name="Stop Fre Combo">Hz</field8></ac><dc><field1 name="Source 1" /><field2 name="Start" /><field3 name="Increment" /><field4 name="Stop" /><field5 name="Operating Point">0</field5><field6 name="Start Combo">Volts or Amperes</field6><field7 name="Increment Combo">Volts or Amperes</field7><field8 name="Stop Combo">Volts or Amperes</field8><field9 name="Source 2" /><field10 name="Start" /><field11 name="Increment" /><field12 name="Stop" /><field13 name="Start Combo">Volts or Amperes</field13><field14 name="Increment Combo">Volts or Amperes</field14><field15 name="Stop Combo">Volts or Amperes</field15></dc><tran><field1 name="Start Time">0</field1><field2 name="Step Time">10</field2><field3 name="Stop Time">10</field3><field4 name="Start Combo">sec</field4><field5 name="Step Combo">ms</field5><field6 name="Stop Combo">sec</field6></tran></analysis></KicadtoNgspice>